"Adaptation Cycle",	"h",	"C-Lift",	"C-Drag"
1,	3.66,	0.2490788095,	0.02351107695
2,	3.28,	0.2195132141,	0.02346009315
3,	2.96,	0.2301201626,	0.02198957281
4,	2.64,	0.222951758,	0.02069104963
5,	2.28,	0.2239439808,	0.01883510825
6,	2.1,	0.2308057469,	0.01675358192
7,	1.85,	0.2383012466,	0.0169832339
8,	1.68,	0.2426987698,	0.01622376869
9,	1.48,	0.2462323243,	0.01539855885
10,	1.34,	0.2482571509,	0.015371759
